{"id":"366bd8b3-793b-488e-9b08-ae822ec52649","name":"Castorama Production","values":[{"key":"environment_url","value":"https://www.castorama.pl","enabled":true},{"key":"product_url","value":"rekawice-nitrylowe-kf320-site-czerwone-m-id-1099318.html","enabled":true},{"key":"product_id","value":"1099318","enabled":true,"type":"default"},{"key":"product_name","value":"kf320","enabled":true,"type":"default"},{"key":"product_id_sku","value":"215376","enabled":true,"type":"default"},{"key":"search_url","value":"https://se.searchnode.net/","enabled":true,"type":"default"},{"key":"query_key","value":"A9fdhvIfC5aRN1mEsHXiAmPt4F0AQPTg","enabled":true,"type":"default"},{"key":"first_store_id","value":"59","enabled":true,"type":"default"},{"key":"first_store_view","value":"8016","enabled":true,"type":"default"},{"key":"payment_method","value":"bold_p24_blik","enabled":true,"type":"default"},{"key":"address_zip_code","value":"46-024","enabled":true,"type":"default"},{"key":"address_email","value":"jan_testowy@google.com","enabled":true,"type":"default"},{"key":"small_wait","value":"1000","enabled":true,"type":"default"},{"key":"long_wait","value":"3000","enabled":true,"type":"default"},{"key":"cart_id","value":"","enabled":true,"type":"default"},{"key":"cart_product_id","value":"","enabled":true,"type":"default"}]}