{"info":{"_postman_id":"4eaa9d49-eeba-4bea-ac24-311c58052bca","name":"Castorama_API","schema":"https://schema.getpostman.com/json/collection/v2.1.0/collection.json"},"item":[{"name":"Home Page","item":[{"name":"getToHomePage","event":[{"listen":"test","script":{"id":"45194892-8f9e-4524-9727-f3d59efc3291","exec":["pm.test(\"Success in reasonable time\", function () {","  pm.response.to.have.status(200);","  pm.expect(pm.response.responseTime).to.be.below(1000);","});"],"type":"text/javascript"}}],"id":"ee68173a-b860-4de1-af4a-dbff7220adf2","protocolProfileBehavior":{"disableBodyPruning":true},"request":{"method":"GET","header":[],"url":{"raw":"{{environment_url}}","host":["{{environment_url}}"]}},"response":[]}],"id":"bd8f67bd-c639-44f3-90aa-833946d9687f"},{"name":"Product Search","item":[{"name":"searchProduct","event":[{"listen":"test","script":{"id":"ba759c92-5a30-4363-a2da-00e205c6d21d","exec":["pm.test(\"Success in reasonable time\", function () {","  pm.response.to.have.status(200);","  pm.expect(pm.response.responseTime).to.be.below(1000);","});"],"type":"text/javascript"}}],"id":"55d5014c-d5bd-436b-a44f-41a76726f4f8","protocolProfileBehavior":{"disableBodyPruning":true},"request":{"method":"GET","header":[{"key":"sec-ch-ua","value":"\" Not A;Brand\";v=\"99\", \"Chromium\";v=\"102\", \"Google Chrome\";v=\"102\""},{"key":"sec-ch-ua-mobile","value":"?0"},{"key":"sec-ch-ua-platform","value":"\"macOS\""},{"key":"Upgrade-Insecure-Requests","value":"1"},{"key":"DNT","value":"1"},{"key":"User-Agent","value":"Mozilla/5.0 (Macintosh; Intel Mac OS X 10_15_7) AppleWebKit/537.36 (KHTML, like Gecko) Chrome/102.0.0.0 Safari/537.36"},{"key":"Accept","value":"text/html,application/xhtml+xml,application/xml;q=0.9,image/avif,image/webp,image/apng,*/*;q=0.8,application/signed-exchange;v=b3;q=0.9"}],"url":{"raw":"{{environment_url}}/result/?q={{product_name}}","host":["{{environment_url}}"],"path":["result",""],"query":[{"key":"q","value":"{{product_name}}"}]}},"response":[]},{"name":"getProductDetails","event":[{"listen":"test","script":{"id":"ac336490-d0ae-4dfc-bcc6-66218fd3290b","exec":["pm.test(\"Success in reasonable time\", function () {","  pm.response.to.have.status(200);","  pm.expect(pm.response.responseTime).to.be.below(1000);","});","pm.test(\"Product Retrieved\", function () {","  const responseJson = pm.response.json();","  pm.expect(responseJson.docs[0].id).to.eql(pm.environment.get(\"product_id\"));","});",""],"type":"text/javascript"}}],"id":"459a5c60-91c5-4ef6-9300-8780a5e64391","protocolProfileBehavior":{"disableBodyPruning":true},"request":{"method":"GET","header":[{"key":"sec-ch-ua","value":"\" Not A;Brand\";v=\"99\", \"Chromium\";v=\"102\", \"Google Chrome\";v=\"102\""},{"key":"DNT","value":"1"},{"key":"sec-ch-ua-mobile","value":"?0"},{"key":"User-Agent","value":"Mozilla/5.0 (Macintosh; Intel Mac OS X 10_15_7) AppleWebKit/537.36 (KHTML, like Gecko) Chrome/102.0.0.0 Safari/537.36"},{"key":"sec-ch-ua-platform","value":"\"macOS\""},{"key":"Accept","value":"*/*"}],"url":{"raw":"{{search_url}}/v1/query/docs?query_key={{query_key}}&stats.0=f_price_default&search_query={{product_name}}&sort=-score&limit=47&offset=0&facet_filters.s_type=product&boost.i_exist_default.false=-12&boost.i_exist_default.true=3&strict=true&custom.ranking_rules.query_custom_match_field.store=default","host":["{{search_url}}"],"path":["v1","query","docs"],"query":[{"key":"query_key","value":"{{query_key}}"},{"key":"stats.0","value":"f_price_default"},{"key":"search_query","value":"{{product_name}}"},{"key":"sort","value":"-score"},{"key":"limit","value":"47"},{"key":"offset","value":"0"},{"key":"facet_filters.s_type","value":"product"},{"key":"boost.i_exist_default.false","value":"-12"},{"key":"boost.i_exist_default.true","value":"3"},{"key":"strict","value":"true"},{"key":"custom.ranking_rules.query_custom_match_field.store","value":"default"}]}},"response":[]},{"name":"displayProduct","event":[{"listen":"test","script":{"id":"52c403be-3a87-44b2-9680-17e31664ca55","exec":["pm.test(\"Success in reasonable time\", function () {","  pm.response.to.have.status(200);","  pm.expect(pm.response.responseTime).to.be.below(1000);","});","pm.test(\"Product Id (sku) retrieved\", function () {","    pm.expect(pm.response.text()).to.include('\"sku\": \"'+ pm.environment.get(\"product_id_sku\") + '\"');","});"],"type":"text/javascript"}}],"id":"1deb1349-7854-4c0e-9f63-609eb44fca03","protocolProfileBehavior":{"disableBodyPruning":true},"request":{"method":"GET","header":[{"key":"sec-ch-ua","value":"\" Not A;Brand\";v=\"99\", \"Chromium\";v=\"102\", \"Google Chrome\";v=\"102\""},{"key":"sec-ch-ua-mobile","value":"?0"},{"key":"sec-ch-ua-platform","value":"\"macOS\""},{"key":"Upgrade-Insecure-Requests","value":"1"},{"key":"DNT","value":"1"},{"key":"User-Agent","value":"Mozilla/5.0 (Macintosh; Intel Mac OS X 10_15_7) AppleWebKit/537.36 (KHTML, like Gecko) Chrome/102.0.0.0 Safari/537.36"},{"key":"Accept","value":"text/html,application/xhtml+xml,application/xml;q=0.9,image/avif,image/webp,image/apng,*/*;q=0.8,application/signed-exchange;v=b3;q=0.9"}],"url":{"raw":"{{environment_url}}/{{product_url}}","host":["{{environment_url}}"],"path":["{{product_url}}"]}},"response":[]}],"id":"375f84de-6357-4355-965f-d9da5fb07763"},{"name":"Create Cart","item":[{"name":"createEmptyCart","event":[{"listen":"test","script":{"id":"fb24b9ca-a70f-4a65-a6e0-cf8a2d7d61fa","exec":["pm.test(\"Success in reasonable time\", function () {","  pm.response.to.have.status(200);","  pm.expect(pm.response.responseTime).to.be.below(3000);","});","pm.test(\"Cart ID generated\", function () {","  const responseJson = pm.response.json();","  pm.expect(responseJson.data[\"createEmptyCart\"]).to.have.lengthOf(32);","  pm.environment.set(\"cart_id\", responseJson.data[\"createEmptyCart\"]);","});"],"type":"text/javascript"}}],"id":"3e892566-df2f-4e3d-87b8-234dfd6c938e","protocolProfileBehavior":{"disableBodyPruning":true},"request":{"method":"POST","header":[{"key":"sec-ch-ua","value":"\" Not A;Brand\";v=\"99\", \"Chromium\";v=\"102\", \"Google Chrome\";v=\"102\""},{"key":"DNT","value":"1"},{"key":"sec-ch-ua-mobile","value":"?0"},{"key":"User-Agent","value":"Mozilla/5.0 (Macintosh; Intel Mac OS X 10_15_7) AppleWebKit/537.36 (KHTML, like Gecko) Chrome/102.0.0.0 Safari/537.36"},{"key":"content-type","value":"application/json"},{"key":"accept","value":"*/*"},{"key":"Store","value":"default"},{"key":"sec-ch-ua-platform","value":"\"macOS\""}],"body":{"mode":"raw","raw":"{\n    \"operationName\": \"createEmptyCart\",\n    \"variables\": {},\n    \"query\": \"mutation createEmptyCart {\\n  createEmptyCart\\n}\\n\"\n}"},"url":{"raw":"{{environment_url}}/graphql","host":["{{environment_url}}"],"path":["graphql"]}},"response":[]},{"name":"addProductToCart","event":[{"listen":"test","script":{"id":"4476f2ac-eb40-49c4-8a87-1b57812dbcc9","exec":["pm.test(\"Success in reasonable time\", function () {","  pm.response.to.have.status(200);","  pm.expect(pm.response.responseTime).to.be.below(3000);","});","pm.test(\"Product Added\", function () {","  const responseJson = pm.response.json();","  pm.expect(responseJson.data.addProductsToCart.currentlyAddedProducts[0][\"sku\"]).to.eq(pm.environment.get(\"product_id_sku\"));","  pm.expect(responseJson.data.addProductsToCart.currentlyAddedProducts[0][\"qtyAdded\"]).to.eq('1');","  pm.environment.set(\"cart_product_id\", responseJson.data.addProductsToCart.cart.items[0][\"cartProductId\"]);","});"],"type":"text/javascript"}}],"id":"889434a9-439d-45c6-8ff5-0d66466e5746","protocolProfileBehavior":{"disableBodyPruning":true},"request":{"method":"POST","header":[{"key":"sec-ch-ua","value":"\" Not A;Brand\";v=\"99\", \"Chromium\";v=\"102\", \"Google Chrome\";v=\"102\""},{"key":"DNT","value":"1"},{"key":"sec-ch-ua-mobile","value":"?0"},{"key":"User-Agent","value":"Mozilla/5.0 (Macintosh; Intel Mac OS X 10_15_7) AppleWebKit/537.36 (KHTML, like Gecko) Chrome/102.0.0.0 Safari/537.36"},{"key":"content-type","value":"application/json"},{"key":"accept","value":"*/*"},{"key":"Store","value":"default"},{"key":"sec-ch-ua-platform","value":"\"macOS\""}],"body":{"mode":"raw","raw":"{\n    \"operationName\": \"addProductsToCart\",\n    \"variables\": {\n        \"cartItems\": [\n            {\n                \"sku\": \"{{product_id_sku}}\",\n                \"quantity\": 1\n            }\n        ],\n        \"cartId\": \"{{cart_id}}\"\n    },\n    \"query\": \"mutation addProductsToCart($cartId: String!, $cartItems: [CartItemInput!]!) {\\n  addProductsToCart(cartId: $cartId, cartItems: $cartItems) {\\n    userErrors: user_errors {\\n      message\\n      code\\n      __typename\\n    }\\n    currentlyAddedProducts: currently_added_products {\\n      rowTotalAdded\\n      qtyAdded\\n      sku\\n      __typename\\n    }\\n    cart {\\n      totalQuantity: total_quantity\\n      isPossibleCheckout: is_possible_checkout\\n      isMultiSource: multisource\\n      prices {\\n        subtotalIncludingTax: subtotal_including_tax {\\n          value\\n          __typename\\n        }\\n        __typename\\n      }\\n      groupedItems: grouped_items {\\n        groupedId: entity_id\\n        sku\\n        name\\n        brandName\\n        category: categoryNamePath\\n        price {\\n          value\\n          __typename\\n        }\\n        __typename\\n      }\\n      items {\\n        cartProductId: id\\n        quantity\\n        ruleIndexId: rule_index_id\\n        prices {\\n          price {\\n            value\\n            __typename\\n          }\\n          rowTotal: row_total {\\n            value\\n            __typename\\n          }\\n          __typename\\n        }\\n        sources {\\n          id: source\\n          qty\\n          __typename\\n        }\\n        product {\\n          groupedId: grouped_id\\n          deliveryMethods: available_shipping_carriers {\\n            deliveryCode: carrier_code\\n            __typename\\n          }\\n          sku\\n          availability\\n          brandName\\n          category: categoryNamePath\\n          name\\n          stock\\n          stockFromDc\\n          uid\\n          url\\n          productId: id\\n          image: thumbnail {\\n            url\\n            __typename\\n          }\\n          adjustQuantity {\\n            max\\n            min\\n            step\\n            __typename\\n          }\\n          backorderDeliveryDays: backorder_delivery_days\\n          priceRange: price_range {\\n            minimumPrice: minimum_price {\\n              finalPrice: final_price {\\n                value\\n                __typename\\n              }\\n              regularPrice: regular_price {\\n                value\\n                __typename\\n              }\\n              __typename\\n            }\\n            __typename\\n          }\\n          alsoBought: also_bought {\\n            productId: id\\n            sku\\n            name\\n            brandName\\n            category: categoryNamePath\\n            url\\n            unitPrice {\\n              unit\\n              __typename\\n            }\\n            image: thumbnail {\\n              url\\n              __typename\\n            }\\n            priceRange: price_range {\\n              minimumPrice: minimum_price {\\n                finalPrice: final_price {\\n                  value\\n                  __typename\\n                }\\n                regularPrice: regular_price {\\n                  value\\n                  __typename\\n                }\\n                __typename\\n              }\\n              __typename\\n            }\\n            promoPrice: promo_price\\n            priceColors: price_colors {\\n              priceBackgroundColor: price_background_color\\n              priceTextColor: price_text_color\\n              crossedSpecialPriceColor: crossed_special_price_color\\n              specialPriceTextColor: special_price_text_color\\n              discountBackgroundColor: discount_background_color\\n              discountTextColor: discount_text_color\\n              __typename\\n            }\\n            labels: product_labels {\\n              entityId: entity_id\\n              type\\n              name\\n              textColor: text_color\\n              backgroundColor: background_color\\n              url\\n              image\\n              __typename\\n            }\\n            catalogLabelActiveFrom: label_product_date_from\\n            catalogLabelActiveUntil: label_product_date_to\\n            __typename\\n          }\\n          maxDisplayedQty: max_displayed_qty\\n          __typename\\n        }\\n        unitPrice {\\n          unit\\n          value\\n          __typename\\n        }\\n        conversionInfo {\\n          conversionUnit: conversion_unit\\n          salesUnitsChange: sales_units_change\\n          conversionValue: value\\n          packSize: conversion_value\\n          __typename\\n        }\\n        __typename\\n      }\\n      availablePaymentMethods: available_payment_methods {\\n        amount {\\n          value\\n          currency\\n          __typename\\n        }\\n        bankList: bank_list {\\n          name\\n          methodId: method_id\\n          src: img_url\\n          __typename\\n        }\\n        title\\n        code\\n        __typename\\n      }\\n      shippingAddresses: shipping_addresses {\\n        availableShippingMethods: available_shipping_methods {\\n          deliveryDetails: delivery_details\\n          available\\n          carrierCode: carrier_code\\n          amount {\\n            value\\n            __typename\\n          }\\n          shippingTimeDescription: shipping_time_desc\\n          availablePaymentMethods: available_payment_methods {\\n            title\\n            code\\n            available\\n            additionalInfo: additional_info\\n            amount {\\n              value\\n              __typename\\n            }\\n            __typename\\n          }\\n          __typename\\n        }\\n        __typename\\n      }\\n      __typename\\n    }\\n    __typename\\n  }\\n}\\n\"\n}"},"url":{"raw":"{{environment_url}}/graphql","host":["{{environment_url}}"],"path":["graphql"]}},"response":[]},{"name":"getMarkets","event":[{"listen":"test","script":{"id":"8df78a34-2f1f-402e-bc94-02819da104c9","exec":["pm.test(\"Success in reasonable time\", function () {","  pm.response.to.have.status(200);","  pm.expect(pm.response.responseTime).to.be.below(100);","});","pm.test(\"Shops Available\", function () {","  const responseJson = pm.response.json();","  pm.expect(responseJson[0]).to.have.property('name');","  //First shop on the list//","});"],"type":"text/javascript"}}],"id":"a4b9576e-395a-4bdb-a02f-ec55762997b8","protocolProfileBehavior":{"disableBodyPruning":true},"request":{"method":"GET","header":[{"key":"sec-ch-ua","value":"\" Not A;Brand\";v=\"99\", \"Chromium\";v=\"102\", \"Google Chrome\";v=\"102\""},{"key":"Accept","value":"application/json, text/plain, */*"},{"key":"DNT","value":"1"},{"key":"sec-ch-ua-mobile","value":"?0"},{"key":"User-Agent","value":"Mozilla/5.0 (Macintosh; Intel Mac OS X 10_15_7) AppleWebKit/537.36 (KHTML, like Gecko) Chrome/102.0.0.0 Safari/537.36"},{"key":"sec-ch-ua-platform","value":"\"macOS\""}],"url":{"raw":"{{environment_url}}/api/rest/headless/public/markets","host":["{{environment_url}}"],"path":["api","rest","headless","public","markets"]}},"response":[]},{"name":"getProductStatusStore","event":[{"listen":"test","script":{"id":"94228b41-af3a-4272-ade9-fd9941b9e23b","exec":["pm.test(\"Success in reasonable time\", function () {","  pm.response.to.have.status(200);","  pm.expect(pm.response.responseTime).to.be.below(1000);","});","pm.test(\"Product can be send\", function () {","  const responseJson = pm.response.json();","  pm.expect(responseJson.shipping).to.eq(true)","  //First shop on the list//","});"],"type":"text/javascript"}}],"id":"eb2d1e59-078a-4bdc-b845-ac8657db479b","protocolProfileBehavior":{"disableBodyPruning":true},"request":{"method":"GET","header":[{"key":"sec-ch-ua","value":"\" Not A;Brand\";v=\"99\", \"Chromium\";v=\"102\", \"Google Chrome\";v=\"102\""},{"key":"Accept","value":"application/json, text/plain, */*"},{"key":"DNT","value":"1"},{"key":"sec-ch-ua-mobile","value":"?0"},{"key":"User-Agent","value":"Mozilla/5.0 (Macintosh; Intel Mac OS X 10_15_7) AppleWebKit/537.36 (KHTML, like Gecko) Chrome/102.0.0.0 Safari/537.36"},{"key":"sec-ch-ua-platform","value":"\"macOS\""}],"url":{"raw":"{{environment_url}}/bold_all/data/getProductPriceStockByStore/?isAjax=true&store=8016&typeBlock=recommended&needData=1099318","host":["{{environment_url}}"],"path":["bold_all","data","getProductPriceStockByStore",""],"query":[{"key":"isAjax","value":"true"},{"key":"store","value":"8016"},{"key":"typeBlock","value":"recommended"},{"key":"needData","value":"1099318"}]}},"response":[]},{"name":"getStoreDetails","event":[{"listen":"test","script":{"id":"7e5d5adf-ec0a-4746-afc8-63d9c7dd54cd","exec":["pm.test(\"Success in reasonable time\", function () {","  pm.response.to.have.status(200);","  pm.expect(pm.response.responseTime).to.be.below(1000);","});","pm.test(\"Shop Detailes Retrieved\", function () {","  const responseJson = pm.response.json();","  pm.expect(responseJson).to.have.property('name');","});"],"type":"text/javascript"}}],"id":"0a6ee0c0-020c-4444-9dbf-7f605db32794","protocolProfileBehavior":{"disableBodyPruning":true},"request":{"method":"GET","header":[{"key":"sec-ch-ua","value":"\" Not A;Brand\";v=\"99\", \"Chromium\";v=\"102\", \"Google Chrome\";v=\"102\""},{"key":"Accept","value":"application/json, text/plain, */*"},{"key":"DNT","value":"1"},{"key":"sec-ch-ua-mobile","value":"?0"},{"key":"User-Agent","value":"Mozilla/5.0 (Macintosh; Intel Mac OS X 10_15_7) AppleWebKit/537.36 (KHTML, like Gecko) Chrome/102.0.0.0 Safari/537.36"},{"key":"sec-ch-ua-platform","value":"\"macOS\""}],"url":{"raw":"{{environment_url}}/api/rest/headless/public/market?storeId={{first_store_view}}","host":["{{environment_url}}"],"path":["api","rest","headless","public","market"],"query":[{"key":"storeId","value":"{{first_store_view}}"}]}},"response":[]},{"name":"fetchCart","event":[{"listen":"test","script":{"id":"61656ad4-c77c-4705-ae96-6ac50df8f222","exec":["pm.test(\"Success in reasonable time\", function () {","  pm.response.to.have.status(200);","  pm.expect(pm.response.responseTime).to.be.below(3000);","});","pm.test(\"Cart fetched\", function () {","  const responseJson = pm.response.json();","  pm.expect(responseJson.data.cart.items[0].cartProductId).to.eq(pm.environment.get(\"cart_product_id\"));","});"],"type":"text/javascript"}}],"id":"c8871aa7-3cd3-45f5-8da8-1cac74df20bf","protocolProfileBehavior":{"disableBodyPruning":true},"request":{"method":"POST","header":[{"key":"sec-ch-ua","value":"\" Not A;Brand\";v=\"99\", \"Chromium\";v=\"102\", \"Google Chrome\";v=\"102\""},{"key":"DNT","value":"1"},{"key":"sec-ch-ua-mobile","value":"?0"},{"key":"User-Agent","value":"Mozilla/5.0 (Macintosh; Intel Mac OS X 10_15_7) AppleWebKit/537.36 (KHTML, like Gecko) Chrome/102.0.0.0 Safari/537.36"},{"key":"content-type","value":"application/json"},{"key":"accept","value":"*/*"},{"key":"Store","value":"v8016"},{"key":"sec-ch-ua-platform","value":"\"macOS\""}],"body":{"mode":"raw","raw":"{\n    \"operationName\": \"fetchCart\",\n    \"variables\": {\n        \"cartId\": \"{{cart_id}}\"\n    },\n    \"query\": \"query fetchCart($cartId: String!) {\\n  cart(cart_id: $cartId) {\\n    email\\n    totalQuantity: total_quantity\\n    isPossibleCheckout: is_possible_checkout\\n    isMultiSource: multisource\\n    groupedItems: grouped_items {\\n      groupedId: entity_id\\n      sku\\n      name\\n      brandName\\n      category: categoryNamePath\\n      price {\\n        value\\n        __typename\\n      }\\n      __typename\\n    }\\n    items {\\n      cartProductId: id\\n      quantity\\n      ruleIndexId: rule_index_id\\n      prices {\\n        price {\\n          value\\n          __typename\\n        }\\n        rowTotal: row_total {\\n          value\\n          __typename\\n        }\\n        __typename\\n      }\\n      sources {\\n        id: source\\n        qty\\n        __typename\\n      }\\n      product {\\n        groupedId: grouped_id\\n        deliveryMethods: available_shipping_carriers {\\n          deliveryCode: carrier_code\\n          __typename\\n        }\\n        sku\\n        availability\\n        brandName\\n        category: categoryNamePath\\n        name\\n        stock\\n        stockFromDc\\n        url\\n        productId: id\\n        image: thumbnail {\\n          url\\n          __typename\\n        }\\n        adjustQuantity {\\n          max\\n          min\\n          step\\n          __typename\\n        }\\n        backorderDeliveryDays: backorder_delivery_days\\n        showMinQtyInfo\\n        maxDisplayedQty: max_displayed_qty\\n        __typename\\n      }\\n      conversionInfo {\\n        conversionUnit: conversion_unit\\n        salesUnitsChange: sales_units_change\\n        conversionValue: value\\n        packSize: conversion_value\\n        __typename\\n      }\\n      unitPrice {\\n        unit\\n        value\\n        __typename\\n      }\\n      __typename\\n    }\\n    prices {\\n      subtotalIncludingTax: subtotal_including_tax {\\n        value\\n        __typename\\n      }\\n      __typename\\n    }\\n    availablePaymentMethods: available_payment_methods {\\n      amount {\\n        value\\n        currency\\n        __typename\\n      }\\n      bankList: bank_list {\\n        name\\n        methodId: method_id\\n        src: img_url\\n        __typename\\n      }\\n      title\\n      code\\n      __typename\\n    }\\n    shippingAddresses: shipping_addresses {\\n      firstname\\n      lastname\\n      city\\n      zipCode: postcode\\n      telephone\\n      address: street\\n      availableShippingMethods: available_shipping_methods {\\n        deliveryDetails: delivery_details\\n        available\\n        carrierCode: carrier_code\\n        amount {\\n          value\\n          __typename\\n        }\\n        shippingTimeDescription: shipping_time_desc\\n        availablePaymentMethods: available_payment_methods {\\n          title\\n          code\\n          available\\n          additionalInfo: additional_info\\n          amount {\\n            value\\n            __typename\\n          }\\n          __typename\\n        }\\n        __typename\\n      }\\n      __typename\\n    }\\n    __typename\\n  }\\n}\\n\"\n}"},"url":{"raw":"{{environment_url}}/graphql","host":["{{environment_url}}"],"path":["graphql"]}},"response":[]},{"name":"fetchCartAvailableStores","event":[{"listen":"test","script":{"id":"e444cac1-55ca-4a86-8c86-ba5d1ffb4788","exec":["pm.test(\"Success in reasonable time\", function () {","  pm.response.to.have.status(200);","  pm.expect(pm.response.responseTime).to.be.below(3000);","});","pm.test(\"Store fetched\", function () {","  const responseJson = pm.response.json();","  pm.expect(responseJson.data.cart.stores[0]).to.have.property('name');","});"],"type":"text/javascript"}}],"id":"da0f9b9d-d92d-41c5-b340-e7e476a6c6a3","protocolProfileBehavior":{"disableBodyPruning":true},"request":{"method":"POST","header":[{"key":"sec-ch-ua","value":"\" Not A;Brand\";v=\"99\", \"Chromium\";v=\"102\", \"Google Chrome\";v=\"102\""},{"key":"DNT","value":"1"},{"key":"sec-ch-ua-mobile","value":"?0"},{"key":"User-Agent","value":"Mozilla/5.0 (Macintosh; Intel Mac OS X 10_15_7) AppleWebKit/537.36 (KHTML, like Gecko) Chrome/102.0.0.0 Safari/537.36"},{"key":"content-type","value":"application/json"},{"key":"accept","value":"*/*"},{"key":"Store","value":"default"},{"key":"sec-ch-ua-platform","value":"\"macOS\""}],"body":{"mode":"raw","raw":"{\n    \"operationName\": \"fetchCartAvailableStores\",\n    \"variables\": {\n        \"cartId\": \"{{cart_id}}\"\n    },\n    \"query\": \"query fetchCartAvailableStores($cartId: String!) {\\n  cart(cart_id: $cartId) {\\n    stores: available_stores {\\n      name\\n      cartAvailable\\n      shopId: market_id\\n      storeId: stock_id\\n      itemsAvailable\\n      itemsAlmostAvailable\\n      __typename\\n    }\\n    __typename\\n  }\\n}\\n\"\n}"},"url":{"raw":"{{environment_url}}/graphql","host":["{{environment_url}}"],"path":["graphql"]}},"response":[]}],"id":"0616c07d-13a8-4008-87fe-f2b4ebda17cd"},{"name":"Cart Checkout","item":[{"name":"getCountries","event":[{"listen":"test","script":{"id":"e291ca7b-37c8-4bb1-b35d-e80bd0b74120","exec":["pm.test(\"Success in reasonable time\", function () {","  pm.response.to.have.status(200);","  pm.expect(pm.response.responseTime).to.be.below(1000);","});","pm.test(\"Countries Available\", function () {","  const responseJson = pm.response.json();","  pm.expect(responseJson.data.countries[0]).to.have.property('title');","});"],"type":"text/javascript"}}],"id":"cefb1437-3ca8-4317-90f1-498d2cbc2d17","protocolProfileBehavior":{"disableBodyPruning":true},"request":{"method":"GET","header":[{"key":"sec-ch-ua","value":"\" Not A;Brand\";v=\"99\", \"Chromium\";v=\"102\", \"Google Chrome\";v=\"102\""},{"key":"accept","value":"*/*"},{"key":"DNT","value":"1"},{"key":"content-type","value":"application/json"},{"key":"sec-ch-ua-mobile","value":"?0"},{"key":"User-Agent","value":"Mozilla/5.0 (Macintosh; Intel Mac OS X 10_15_7) AppleWebKit/537.36 (KHTML, like Gecko) Chrome/102.0.0.0 Safari/537.36"},{"key":"sec-ch-ua-platform","value":"\"macOS\""}],"url":{"raw":"{{environment_url}}/graphql?query=query%20getCountries%20%7B%0A%20%20countries%20%7B%0A%20%20%20%20id%0A%20%20%20%20title%3A%20full_name_locale%0A%20%20%20%20__typename%0A%20%20%7D%0A%7D%0A&operationName=getCountries&variables=%7B%7D","host":["{{environment_url}}"],"path":["graphql"],"query":[{"key":"query","value":"query%20getCountries%20%7B%0A%20%20countries%20%7B%0A%20%20%20%20id%0A%20%20%20%20title%3A%20full_name_locale%0A%20%20%20%20__typename%0A%20%20%7D%0A%7D%0A"},{"key":"operationName","value":"getCountries"},{"key":"variables","value":"%7B%7D"}]}},"response":[]},{"name":"fetchCartForCheckout","event":[{"listen":"test","script":{"id":"c91f52e7-cb41-42a0-a6e0-ba5eb551c46f","exec":["pm.test(\"Success in reasonable time\", function () {","  pm.response.to.have.status(200);","  pm.expect(pm.response.responseTime).to.be.below(3000);","});","pm.test(\"Cart fetched\", function () {","  const responseJson = pm.response.json();","  pm.expect(responseJson.data.cart.items[0].cartProductId).to.eq(pm.environment.get(\"cart_product_id\"));","});"],"type":"text/javascript"}}],"id":"4a4ee53e-bb61-4c54-a952-3089365cc319","protocolProfileBehavior":{"disableBodyPruning":true},"request":{"method":"POST","header":[{"key":"sec-ch-ua","value":"\" Not A;Brand\";v=\"99\", \"Chromium\";v=\"102\", \"Google Chrome\";v=\"102\""},{"key":"DNT","value":"1"},{"key":"sec-ch-ua-mobile","value":"?0"},{"key":"User-Agent","value":"Mozilla/5.0 (Macintosh; Intel Mac OS X 10_15_7) AppleWebKit/537.36 (KHTML, like Gecko) Chrome/102.0.0.0 Safari/537.36"},{"key":"content-type","value":"application/json"},{"key":"accept","value":"*/*"},{"key":"Store","value":"v8016"},{"key":"sec-ch-ua-platform","value":"\"macOS\""}],"body":{"mode":"raw","raw":"{\n    \"operationName\": \"fetchCartForCheckout\",\n    \"variables\": {\n        \"cartId\": \"{{cart_id}}\"\n    },\n    \"query\": \"query fetchCartForCheckout($cartId: String!) {\\n  cart(cart_id: $cartId) {\\n    items {\\n      ...CartCheckoutItemsFullFragment\\n      __typename\\n    }\\n    groupedItems: grouped_items {\\n      ...CartGroupedItemsFragment\\n      __typename\\n    }\\n    billingAddress: billing_address {\\n      ...CartBillingAddressFragment\\n      __typename\\n    }\\n    shippingAddresses: shipping_addresses {\\n      ...CartShippingAddressesFragment\\n      __typename\\n    }\\n    paymentMethods: available_payment_methods {\\n      ...CartCheckoutPaymentMethodsFragment\\n      __typename\\n    }\\n    prices {\\n      ...CartCheckoutPricesFragment\\n      __typename\\n    }\\n    castoramaCalendar: castorama_calendar {\\n      ...CartCheckoutCastoramaCalendarFragment\\n      __typename\\n    }\\n    selectedPaymentMethod: selected_payment_method {\\n      ...CartCheckoutSelectedPaymentFragment\\n      __typename\\n    }\\n    email\\n    totalQuantity: total_quantity\\n    isPossibleCheckout: is_possible_checkout\\n    isMultiSource: multisource\\n    dtsSlots: dts_slots {\\n      date\\n      isAvailable: is_available\\n      __typename\\n    }\\n    dtsServices: dts_services {\\n      sku\\n      service\\n      __typename\\n    }\\n    agreements {\\n      name\\n      required\\n      checked\\n      __typename\\n    }\\n    __typename\\n  }\\n}\\n\\nfragment CartCheckoutItemsFullFragment on CartItemInterface {\\n  cartProductId: id\\n  quantity\\n  ruleIndexId: rule_index_id\\n  prices {\\n    price {\\n      value\\n      __typename\\n    }\\n    rowTotal: row_total {\\n      value\\n      __typename\\n    }\\n    __typename\\n  }\\n  sources {\\n    id: source\\n    qty\\n    __typename\\n  }\\n  product {\\n    groupedId: grouped_id\\n    deliveryMethods: available_shipping_carriers {\\n      deliveryCode: carrier_code\\n      __typename\\n    }\\n    sku\\n    availability\\n    brandName\\n    category: categoryNamePath\\n    name\\n    stock\\n    stockFromDc\\n    uid\\n    url\\n    productId: id\\n    image: thumbnail {\\n      url\\n      __typename\\n    }\\n    adjustQuantity {\\n      max\\n      min\\n      step\\n      __typename\\n    }\\n    backorderDeliveryDays: backorder_delivery_days\\n    showMinQtyInfo\\n    weeeDts: weee_dts\\n    __typename\\n  }\\n  unitPrice {\\n    unit\\n    value\\n    __typename\\n  }\\n  conversionInfo {\\n    value\\n    salesUnitsChange: sales_units_change\\n    unit: conversion_unit\\n    packSize: conversion_value\\n    __typename\\n  }\\n  __typename\\n}\\n\\nfragment CartShippingAddressesFragment on ShippingCartAddress {\\n  firstname\\n  lastname\\n  city\\n  shippingDate: shipping_date\\n  shippingTimeInterval: shipping_time_interval\\n  country {\\n    code\\n    label\\n    __typename\\n  }\\n  telephone\\n  telephoneCountry: telephone_country {\\n    code\\n    id\\n    title: label\\n    __typename\\n  }\\n  nip: vat_id\\n  companyName: company\\n  address: street\\n  zipCode: postcode\\n  parcelLocker: parcel_locker {\\n    name\\n    street\\n    city\\n    buildingNumber: building_number\\n    flatNumber: flat_number\\n    postCode: post_code\\n    openingHours: opening_hours\\n    locationDescription: location_description\\n    __typename\\n  }\\n  availableShippingMethods: available_shipping_methods {\\n    deliveryDetails: delivery_details\\n    amount {\\n      currency\\n      value\\n      __typename\\n    }\\n    available\\n    shippingTimeDescription: shipping_time_desc\\n    methodCode: method_code\\n    methodTitle: method_title\\n    carrierCode: carrier_code\\n    carrierTitle: carrier_title\\n    isAutoShippingAddress: auto_shipping_address\\n    availablePaymentMethods: available_payment_methods {\\n      title\\n      code\\n      available\\n      additionalInfo: additional_info\\n      amount {\\n        value\\n        __typename\\n      }\\n      __typename\\n    }\\n    __typename\\n  }\\n  selectedShippingMethod: selected_shipping_method {\\n    amount {\\n      currency\\n      value\\n      __typename\\n    }\\n    carrierCode: carrier_code\\n    carrierTitle: carrier_title\\n    __typename\\n  }\\n  __typename\\n}\\n\\nfragment CartBillingAddressFragment on BillingCartAddress {\\n  firstname\\n  lastname\\n  city\\n  country {\\n    code\\n    label\\n    __typename\\n  }\\n  telephone\\n  telephoneCountry: telephone_country {\\n    code\\n    id\\n    title: label\\n    __typename\\n  }\\n  nip: vat_id\\n  companyName: company\\n  address: street\\n  zipCode: postcode\\n  confirmationOfPurchase: confirmation_of_purchase\\n  __typename\\n}\\n\\nfragment CartCheckoutPaymentMethodsFragment on AvailablePaymentMethod {\\n  code\\n  title\\n  available\\n  amount {\\n    currency\\n    value\\n    __typename\\n  }\\n  selectedCreditCard: selected_card\\n  bankList: bank_list {\\n    name\\n    available\\n    selected\\n    methodId: method_id\\n    imgUrl: img_url\\n    mobileImgUrl: mobile_img_url\\n    availableHours: available_hours {\\n      mondayToFriday\\n      saturday\\n      sunday\\n      __typename\\n    }\\n    __typename\\n  }\\n  __typename\\n}\\n\\nfragment CartGroupedItemsFragment on GroupedCartItems {\\n  groupedId: entity_id\\n  sku\\n  name\\n  brandName\\n  category: categoryNamePath\\n  price {\\n    value\\n    __typename\\n  }\\n  __typename\\n}\\n\\nfragment CartCheckoutPricesFragment on CartPrices {\\n  grandTotal: grand_total {\\n    value\\n    currency\\n    __typename\\n  }\\n  subtotalIncludingTax: subtotal_including_tax {\\n    value\\n    currency\\n    __typename\\n  }\\n  __typename\\n}\\n\\nfragment CartCheckoutCastoramaCalendarFragment on CastoramaCalendar {\\n  date\\n  available\\n  intervals {\\n    time\\n    available\\n    __typename\\n  }\\n  __typename\\n}\\n\\nfragment CartCheckoutSelectedPaymentFragment on SelectedPaymentMethod {\\n  amount {\\n    value\\n    currency\\n    __typename\\n  }\\n  code\\n  bankName: bank_name\\n  __typename\\n}\\n\"\n}"},"url":{"raw":"https://www.castorama.pl/graphql","protocol":"https","host":["www","castorama","pl"],"path":["graphql"]}},"response":[]},{"name":"getCountryPhones","event":[{"listen":"test","script":{"id":"721dd768-9c73-425a-876b-bac804fc9458","exec":["pm.test(\"Success in reasonable time\", function () {","  pm.response.to.have.status(200);","  pm.expect(pm.response.responseTime).to.be.below(1000);","});","pm.test(\"Phones Available\", function () {","  const responseJson = pm.response.json();","  pm.expect(responseJson.data.telephoneCountries[0]).to.have.property('code');","});"],"type":"text/javascript"}}],"id":"4401e2aa-5e38-47c7-af3f-290d710f40bc","protocolProfileBehavior":{"disableBodyPruning":true},"request":{"method":"GET","header":[{"key":"sec-ch-ua","value":"\" Not A;Brand\";v=\"99\", \"Chromium\";v=\"102\", \"Google Chrome\";v=\"102\""},{"key":"accept","value":"*/*"},{"key":"DNT","value":"1"},{"key":"content-type","value":"application/json"},{"key":"sec-ch-ua-mobile","value":"?0"},{"key":"User-Agent","value":"Mozilla/5.0 (Macintosh; Intel Mac OS X 10_15_7) AppleWebKit/537.36 (KHTML, like Gecko) Chrome/102.0.0.0 Safari/537.36"},{"key":"sec-ch-ua-platform","value":"\"macOS\""}],"url":{"raw":"{{environment_url}}/graphql?query=query%20getTelephoneCountries%20%7B%0A%20%20telephoneCountries%20%7B%0A%20%20%20%20id%0A%20%20%20%20code%0A%20%20%20%20title%3A%20label%0A%20%20%20%20__typename%0A%20%20%7D%0A%7D%0A&operationName=getTelephoneCountries&variables=%7B%7D","host":["{{environment_url}}"],"path":["graphql"],"query":[{"key":"query","value":"query%20getTelephoneCountries%20%7B%0A%20%20telephoneCountries%20%7B%0A%20%20%20%20id%0A%20%20%20%20code%0A%20%20%20%20title%3A%20label%0A%20%20%20%20__typename%0A%20%20%7D%0A%7D%0A"},{"key":"operationName","value":"getTelephoneCountries"},{"key":"variables","value":"%7B%7D"}]}},"response":[]},{"name":"getZipCodes","event":[{"listen":"test","script":{"id":"c508e93b-5926-4bed-8b75-2a75f31d14f1","exec":["pm.test(\"Success in reasonable time\", function () {","  pm.response.to.have.status(200);","  pm.expect(pm.response.responseTime).to.be.below(1000);","});","pm.test(\"Zip Codes Available\", function () {","  const responseJson = pm.response.json();","  pm.expect(responseJson.data.cities.items[0]).to.have.property('street');","});"],"type":"text/javascript"}}],"id":"0b836232-8ec5-48c3-80c9-65a503115c98","protocolProfileBehavior":{"disableBodyPruning":true},"request":{"method":"GET","header":[{"key":"sec-ch-ua","value":"\" Not A;Brand\";v=\"99\", \"Chromium\";v=\"102\", \"Google Chrome\";v=\"102\""},{"key":"accept","value":"*/*"},{"key":"DNT","value":"1"},{"key":"content-type","value":"application/json"},{"key":"sec-ch-ua-mobile","value":"?0"},{"key":"User-Agent","value":"Mozilla/5.0 (Macintosh; Intel Mac OS X 10_15_7) AppleWebKit/537.36 (KHTML, like Gecko) Chrome/102.0.0.0 Safari/537.36"},{"key":"sec-ch-ua-platform","value":"\"macOS\""}],"url":{"raw":"{{environment_url}}/graphql?query=query%20getCitiesByZipCode(%24zipCode%3A%20String!)%20%7B%0A%20%20cities(zipCode%3A%20%24zipCode)%20%7B%0A%20%20%20%20items%20%7B%0A%20%20%20%20%20%20name%0A%20%20%20%20%20%20street%0A%20%20%20%20%20%20__typename%0A%20%20%20%20%7D%0A%20%20%20%20__typename%0A%20%20%7D%0A%7D%0A&operationName=getCitiesByZipCode&variables=%7B%22zipCode%22%3A%2246-024%22%7D","host":["{{environment_url}}"],"path":["graphql"],"query":[{"key":"query","value":"query%20getCitiesByZipCode(%24zipCode%3A%20String!)%20%7B%0A%20%20cities(zipCode%3A%20%24zipCode)%20%7B%0A%20%20%20%20items%20%7B%0A%20%20%20%20%20%20name%0A%20%20%20%20%20%20street%0A%20%20%20%20%20%20__typename%0A%20%20%20%20%7D%0A%20%20%20%20__typename%0A%20%20%7D%0A%7D%0A"},{"key":"operationName","value":"getCitiesByZipCode"},{"key":"variables","value":"%7B%22zipCode%22%3A%2246-024%22%7D"}]}},"response":[]},{"name":"setShippingAddressesOnCart","event":[{"listen":"test","script":{"id":"f2867dbe-77cf-4583-a210-c6a1961e0368","exec":["pm.test(\"Success in reasonable time\", function () {","  pm.response.to.have.status(200);","  pm.expect(pm.response.responseTime).to.be.below(3000);","});","pm.test(\"Shipping Address Set\", function () {","  const responseJson = pm.response.json();","  pm.expect(responseJson.data.setShippingAddressesOnCart.cart.shippingAddresses[0][\"zipCode\"]).to.eq(pm.environment.get(\"address_zip_code\"));","});"],"type":"text/javascript"}}],"id":"cdde6307-d8bc-4f62-baba-3a8904e7ac9a","protocolProfileBehavior":{"disableBodyPruning":true},"request":{"method":"POST","header":[{"key":"sec-ch-ua","value":"\" Not A;Brand\";v=\"99\", \"Chromium\";v=\"102\", \"Google Chrome\";v=\"102\""},{"key":"DNT","value":"1"},{"key":"sec-ch-ua-mobile","value":"?0"},{"key":"User-Agent","value":"Mozilla/5.0 (Macintosh; Intel Mac OS X 10_15_7) AppleWebKit/537.36 (KHTML, like Gecko) Chrome/102.0.0.0 Safari/537.36"},{"key":"content-type","value":"application/json"},{"key":"accept","value":"*/*"},{"key":"Store","value":"v8016"},{"key":"sec-ch-ua-platform","value":"\"macOS\""}],"body":{"mode":"raw","raw":"{\n    \"operationName\": \"setShippingAddressesOnCart\",\n    \"variables\": {\n        \"firstname\": \"Jan\",\n        \"lastname\": \"Testowy\",\n        \"phone\": \"779 517 879\",\n        \"phoneCountryId\": \"PL\",\n        \"buildingNumber\": \"1\",\n        \"street\": \"1 Maja\",\n        \"city\": \"Brynica\",\n        \"zipCode\": \"{{address_zip_code}}\",\n        \"countryCode\": \"PL\",\n        \"cartId\": \"{{cart_id}}\"\n    },\n    \"query\": \"mutation setShippingAddressesOnCart($cartId: String!, $firstname: String!, $lastname: String!, $phone: String!, $phoneCountryId: CountryCodeEnum!, $flatNumber: String, $buildingNumber: String!, $street: String!, $city: String!, $zipCode: String!, $countryCode: String!, $companyName: String, $nip: String) {\\n  setShippingAddressesOnCart(input: {cart_id: $cartId, shipping_addresses: [{address: {firstname: $firstname, lastname: $lastname, street: [$street, $buildingNumber, $flatNumber], city: $city, postcode: $zipCode, country_code: $countryCode, telephone: $phone, telephone_country_id: $phoneCountryId, company: $companyName, vat_id: $nip, save_in_address_book: false}}]}) {\\n    cart {\\n      items {\\n        ...CartCheckoutItemsMinimalFragment\\n        __typename\\n      }\\n      shippingAddresses: shipping_addresses {\\n        ...CartShippingAddressesFragment\\n        __typename\\n      }\\n      castoramaCalendar: castorama_calendar {\\n        ...CartCheckoutCastoramaCalendarFragment\\n        __typename\\n      }\\n      dtsSlots: dts_slots {\\n        date\\n        isAvailable: is_available\\n        __typename\\n      }\\n      dtsServices: dts_services {\\n        sku\\n        service\\n        __typename\\n      }\\n      __typename\\n    }\\n    __typename\\n  }\\n}\\n\\nfragment CartCheckoutItemsMinimalFragment on CartItemInterface {\\n  quantity\\n  product {\\n    sku\\n    name\\n    weeeDts: weee_dts\\n    __typename\\n  }\\n  __typename\\n}\\n\\nfragment CartShippingAddressesFragment on ShippingCartAddress {\\n  firstname\\n  lastname\\n  city\\n  shippingDate: shipping_date\\n  shippingTimeInterval: shipping_time_interval\\n  country {\\n    code\\n    label\\n    __typename\\n  }\\n  telephone\\n  telephoneCountry: telephone_country {\\n    code\\n    id\\n    title: label\\n    __typename\\n  }\\n  nip: vat_id\\n  companyName: company\\n  address: street\\n  zipCode: postcode\\n  parcelLocker: parcel_locker {\\n    name\\n    street\\n    city\\n    buildingNumber: building_number\\n    flatNumber: flat_number\\n    postCode: post_code\\n    openingHours: opening_hours\\n    locationDescription: location_description\\n    __typename\\n  }\\n  availableShippingMethods: available_shipping_methods {\\n    deliveryDetails: delivery_details\\n    amount {\\n      currency\\n      value\\n      __typename\\n    }\\n    available\\n    shippingTimeDescription: shipping_time_desc\\n    methodCode: method_code\\n    methodTitle: method_title\\n    carrierCode: carrier_code\\n    carrierTitle: carrier_title\\n    isAutoShippingAddress: auto_shipping_address\\n    availablePaymentMethods: available_payment_methods {\\n      title\\n      code\\n      available\\n      additionalInfo: additional_info\\n      amount {\\n        value\\n        __typename\\n      }\\n      __typename\\n    }\\n    __typename\\n  }\\n  selectedShippingMethod: selected_shipping_method {\\n    amount {\\n      currency\\n      value\\n      __typename\\n    }\\n    carrierCode: carrier_code\\n    carrierTitle: carrier_title\\n    __typename\\n  }\\n  __typename\\n}\\n\\nfragment CartCheckoutCastoramaCalendarFragment on CastoramaCalendar {\\n  date\\n  available\\n  intervals {\\n    time\\n    available\\n    __typename\\n  }\\n  __typename\\n}\\n\"\n}"},"url":{"raw":"{{environment_url}}/graphql","host":["{{environment_url}}"],"path":["graphql"]}},"response":[]},{"name":"setGuestEmailOnCart","event":[{"listen":"test","script":{"id":"13d17b50-3af7-41d8-885c-860dffc6f624","exec":["pm.test(\"Success in reasonable time\", function () {","  pm.response.to.have.status(200);","  pm.expect(pm.response.responseTime).to.be.below(3000);","});","pm.test(\"Guest email Set\", function () {","  const responseJson = pm.response.json();","  pm.expect(responseJson.data.setGuestEmailOnCart.cart[\"email\"]).to.eq(pm.environment.get(\"address_email\"));","});",""],"type":"text/javascript"}}],"id":"314e3122-fa8b-4c1f-b6a9-6d6fc6e28e5c","protocolProfileBehavior":{"disableBodyPruning":true},"request":{"method":"POST","header":[{"key":"sec-ch-ua","value":"\" Not A;Brand\";v=\"99\", \"Chromium\";v=\"102\", \"Google Chrome\";v=\"102\""},{"key":"DNT","value":"1"},{"key":"sec-ch-ua-mobile","value":"?0"},{"key":"User-Agent","value":"Mozilla/5.0 (Macintosh; Intel Mac OS X 10_15_7) AppleWebKit/537.36 (KHTML, like Gecko) Chrome/102.0.0.0 Safari/537.36"},{"key":"content-type","value":"application/json"},{"key":"accept","value":"*/*"},{"key":"Store","value":"v8016"},{"key":"sec-ch-ua-platform","value":"\"macOS\""}],"body":{"mode":"raw","raw":"{\n    \"operationName\": \"setGuestEmailOnCart\",\n    \"variables\": {\n        \"email\": \"{{address_email}}\",\n        \"cartId\": \"{{cart_id}}\"\n    },\n    \"query\": \"mutation setGuestEmailOnCart($cartId: String!, $email: String!) {\\n  setGuestEmailOnCart(input: {cart_id: $cartId, email: $email}) {\\n    cart {\\n      email\\n      __typename\\n    }\\n    __typename\\n  }\\n}\\n\"\n}"},"url":{"raw":"{{environment_url}}/graphql","host":["{{environment_url}}"],"path":["graphql"]}},"response":[]},{"name":"setShippingMethodsOnCart","event":[{"listen":"test","script":{"id":"9b0e91af-6123-4003-8840-11230ab06fae","exec":["pm.test(\"Success in reasonable time\", function () {","  pm.response.to.have.status(200);","  pm.expect(pm.response.responseTime).to.be.below(3000);","});","pm.test(\"Shipping Method Set\", function () {","  const responseJson = pm.response.json();","  pm.expect(responseJson.data.setShippingMethodsOnCart).to.be.an(\"object\");","});"],"type":"text/javascript"}}],"id":"7b5bc939-b1c6-4b36-9533-716bd2bef55f","protocolProfileBehavior":{"disableBodyPruning":true},"request":{"method":"POST","header":[{"key":"sec-ch-ua","value":"\" Not A;Brand\";v=\"99\", \"Chromium\";v=\"102\", \"Google Chrome\";v=\"102\""},{"key":"DNT","value":"1"},{"key":"sec-ch-ua-mobile","value":"?0"},{"key":"User-Agent","value":"Mozilla/5.0 (Macintosh; Intel Mac OS X 10_15_7) AppleWebKit/537.36 (KHTML, like Gecko) Chrome/102.0.0.0 Safari/537.36"},{"key":"content-type","value":"application/json"},{"key":"accept","value":"*/*"},{"key":"Store","value":"v8016"},{"key":"sec-ch-ua-platform","value":"\"macOS\""}],"body":{"mode":"raw","raw":"{\n    \"operationName\": \"setShippingMethodsOnCart\",\n    \"variables\": {\n        \"carrierCode\": \"clickandcollect\",\n        \"methodCode\": \"standard\",\n        \"cartId\": \"{{cart_id}}}\"\n    },\n    \"query\": \"mutation setShippingMethodsOnCart($cartId: String!, $carrierCode: String!, $methodCode: String!) {\\n  setShippingMethodsOnCart(input: {cart_id: $cartId, shipping_methods: {carrier_code: $carrierCode, method_code: $methodCode}}) {\\n    cart {\\n      items {\\n        ...CartCheckoutItemsMinimalFragment\\n        __typename\\n      }\\n      shippingAddresses: shipping_addresses {\\n        ...CartShippingAddressesFragment\\n        __typename\\n      }\\n      paymentMethods: available_payment_methods {\\n        ...CartCheckoutPaymentMethodsFragment\\n        __typename\\n      }\\n      prices {\\n        ...CartCheckoutPricesFragment\\n        __typename\\n      }\\n      castoramaCalendar: castorama_calendar {\\n        ...CartCheckoutCastoramaCalendarFragment\\n        __typename\\n      }\\n      selectedPaymentMethod: selected_payment_method {\\n        ...CartCheckoutSelectedPaymentFragment\\n        __typename\\n      }\\n      dtsSlots: dts_slots {\\n        date\\n        isAvailable: is_available\\n        __typename\\n      }\\n      dtsServices: dts_services {\\n        sku\\n        service\\n        __typename\\n      }\\n      __typename\\n    }\\n    __typename\\n  }\\n}\\n\\nfragment CartCheckoutItemsMinimalFragment on CartItemInterface {\\n  quantity\\n  product {\\n    sku\\n    name\\n    weeeDts: weee_dts\\n    __typename\\n  }\\n  __typename\\n}\\n\\nfragment CartShippingAddressesFragment on ShippingCartAddress {\\n  firstname\\n  lastname\\n  city\\n  shippingDate: shipping_date\\n  shippingTimeInterval: shipping_time_interval\\n  country {\\n    code\\n    label\\n    __typename\\n  }\\n  telephone\\n  telephoneCountry: telephone_country {\\n    code\\n    id\\n    title: label\\n    __typename\\n  }\\n  nip: vat_id\\n  companyName: company\\n  address: street\\n  zipCode: postcode\\n  parcelLocker: parcel_locker {\\n    name\\n    street\\n    city\\n    buildingNumber: building_number\\n    flatNumber: flat_number\\n    postCode: post_code\\n    openingHours: opening_hours\\n    locationDescription: location_description\\n    __typename\\n  }\\n  availableShippingMethods: available_shipping_methods {\\n    deliveryDetails: delivery_details\\n    amount {\\n      currency\\n      value\\n      __typename\\n    }\\n    available\\n    shippingTimeDescription: shipping_time_desc\\n    methodCode: method_code\\n    methodTitle: method_title\\n    carrierCode: carrier_code\\n    carrierTitle: carrier_title\\n    isAutoShippingAddress: auto_shipping_address\\n    availablePaymentMethods: available_payment_methods {\\n      title\\n      code\\n      available\\n      additionalInfo: additional_info\\n      amount {\\n        value\\n        __typename\\n      }\\n      __typename\\n    }\\n    __typename\\n  }\\n  selectedShippingMethod: selected_shipping_method {\\n    amount {\\n      currency\\n      value\\n      __typename\\n    }\\n    carrierCode: carrier_code\\n    carrierTitle: carrier_title\\n    __typename\\n  }\\n  __typename\\n}\\n\\nfragment CartCheckoutPaymentMethodsFragment on AvailablePaymentMethod {\\n  code\\n  title\\n  available\\n  amount {\\n    currency\\n    value\\n    __typename\\n  }\\n  selectedCreditCard: selected_card\\n  bankList: bank_list {\\n    name\\n    available\\n    selected\\n    methodId: method_id\\n    imgUrl: img_url\\n    mobileImgUrl: mobile_img_url\\n    availableHours: available_hours {\\n      mondayToFriday\\n      saturday\\n      sunday\\n      __typename\\n    }\\n    __typename\\n  }\\n  __typename\\n}\\n\\nfragment CartCheckoutPricesFragment on CartPrices {\\n  grandTotal: grand_total {\\n    value\\n    currency\\n    __typename\\n  }\\n  subtotalIncludingTax: subtotal_including_tax {\\n    value\\n    currency\\n    __typename\\n  }\\n  __typename\\n}\\n\\nfragment CartCheckoutCastoramaCalendarFragment on CastoramaCalendar {\\n  date\\n  available\\n  intervals {\\n    time\\n    available\\n    __typename\\n  }\\n  __typename\\n}\\n\\nfragment CartCheckoutSelectedPaymentFragment on SelectedPaymentMethod {\\n  amount {\\n    value\\n    currency\\n    __typename\\n  }\\n  code\\n  bankName: bank_name\\n  __typename\\n}\\n\"\n}"},"url":{"raw":"{{environment_url}}/graphql","host":["{{environment_url}}"],"path":["graphql"]}},"response":[]},{"name":"setPaymentMethod","event":[{"listen":"test","script":{"id":"e0fb9e72-ab0f-4e45-88d0-e65d62e81637","exec":["pm.test(\"Success in reasonable time\", function () {","  pm.response.to.have.status(200);","  pm.expect(pm.response.responseTime).to.be.below(3000);","});","pm.test(\"Payment Method Set\", function () {","  const responseJson = pm.response.json();","  pm.expect(responseJson.data.setPaymentMethodOnCart).to.be.an(\"object\");","});"],"type":"text/javascript"}}],"id":"c2d84f16-05b6-4f73-bdb0-6ad5977cb22c","protocolProfileBehavior":{"disableBodyPruning":true},"request":{"method":"POST","header":[{"key":"sec-ch-ua","value":"\" Not A;Brand\";v=\"99\", \"Chromium\";v=\"102\", \"Google Chrome\";v=\"102\""},{"key":"DNT","value":"1"},{"key":"sec-ch-ua-mobile","value":"?0"},{"key":"User-Agent","value":"Mozilla/5.0 (Macintosh; Intel Mac OS X 10_15_7) AppleWebKit/537.36 (KHTML, like Gecko) Chrome/102.0.0.0 Safari/537.36"},{"key":"content-type","value":"application/json"},{"key":"accept","value":"*/*"},{"key":"Store","value":"v8016"},{"key":"sec-ch-ua-platform","value":"\"macOS\""}],"body":{"mode":"raw","raw":"{\n    \"operationName\": \"setPaymentMethodOnCart\",\n    \"variables\": {\n        \"paymentMethodCode\": \"{{payment_method}}\",\n        \"cartId\": \"{{cart_id}}\"\n    },\n    \"query\": \"mutation setPaymentMethodOnCart($cartId: String!, $paymentMethodCode: String!) {\\n  setPaymentMethodOnCart(input: {cart_id: $cartId, payment_method: {code: $paymentMethodCode}}) {\\n    cart {\\n      items {\\n        ...CartCheckoutItemsMinimalFragment\\n        __typename\\n      }\\n      shippingAddresses: shipping_addresses {\\n        ...CartShippingAddressesFragment\\n        __typename\\n      }\\n      paymentMethods: available_payment_methods {\\n        ...CartCheckoutPaymentMethodsFragment\\n        __typename\\n      }\\n      prices {\\n        ...CartCheckoutPricesFragment\\n        __typename\\n      }\\n      castoramaCalendar: castorama_calendar {\\n        ...CartCheckoutCastoramaCalendarFragment\\n        __typename\\n      }\\n      selectedPaymentMethod: selected_payment_method {\\n        ...CartCheckoutSelectedPaymentFragment\\n        __typename\\n      }\\n      dtsSlots: dts_slots {\\n        date\\n        isAvailable: is_available\\n        __typename\\n      }\\n      dtsServices: dts_services {\\n        sku\\n        service\\n        __typename\\n      }\\n      __typename\\n    }\\n    __typename\\n  }\\n}\\n\\nfragment CartCheckoutItemsMinimalFragment on CartItemInterface {\\n  quantity\\n  product {\\n    sku\\n    name\\n    weeeDts: weee_dts\\n    __typename\\n  }\\n  __typename\\n}\\n\\nfragment CartShippingAddressesFragment on ShippingCartAddress {\\n  firstname\\n  lastname\\n  city\\n  shippingDate: shipping_date\\n  shippingTimeInterval: shipping_time_interval\\n  country {\\n    code\\n    label\\n    __typename\\n  }\\n  telephone\\n  telephoneCountry: telephone_country {\\n    code\\n    id\\n    title: label\\n    __typename\\n  }\\n  nip: vat_id\\n  companyName: company\\n  address: street\\n  zipCode: postcode\\n  parcelLocker: parcel_locker {\\n    name\\n    street\\n    city\\n    buildingNumber: building_number\\n    flatNumber: flat_number\\n    postCode: post_code\\n    openingHours: opening_hours\\n    locationDescription: location_description\\n    __typename\\n  }\\n  availableShippingMethods: available_shipping_methods {\\n    deliveryDetails: delivery_details\\n    amount {\\n      currency\\n      value\\n      __typename\\n    }\\n    available\\n    shippingTimeDescription: shipping_time_desc\\n    methodCode: method_code\\n    methodTitle: method_title\\n    carrierCode: carrier_code\\n    carrierTitle: carrier_title\\n    isAutoShippingAddress: auto_shipping_address\\n    availablePaymentMethods: available_payment_methods {\\n      title\\n      code\\n      available\\n      additionalInfo: additional_info\\n      amount {\\n        value\\n        __typename\\n      }\\n      __typename\\n    }\\n    __typename\\n  }\\n  selectedShippingMethod: selected_shipping_method {\\n    amount {\\n      currency\\n      value\\n      __typename\\n    }\\n    carrierCode: carrier_code\\n    carrierTitle: carrier_title\\n    __typename\\n  }\\n  __typename\\n}\\n\\nfragment CartCheckoutPaymentMethodsFragment on AvailablePaymentMethod {\\n  code\\n  title\\n  available\\n  amount {\\n    currency\\n    value\\n    __typename\\n  }\\n  selectedCreditCard: selected_card\\n  bankList: bank_list {\\n    name\\n    available\\n    selected\\n    methodId: method_id\\n    imgUrl: img_url\\n    mobileImgUrl: mobile_img_url\\n    availableHours: available_hours {\\n      mondayToFriday\\n      saturday\\n      sunday\\n      __typename\\n    }\\n    __typename\\n  }\\n  __typename\\n}\\n\\nfragment CartCheckoutPricesFragment on CartPrices {\\n  grandTotal: grand_total {\\n    value\\n    currency\\n    __typename\\n  }\\n  subtotalIncludingTax: subtotal_including_tax {\\n    value\\n    currency\\n    __typename\\n  }\\n  __typename\\n}\\n\\nfragment CartCheckoutCastoramaCalendarFragment on CastoramaCalendar {\\n  date\\n  available\\n  intervals {\\n    time\\n    available\\n    __typename\\n  }\\n  __typename\\n}\\n\\nfragment CartCheckoutSelectedPaymentFragment on SelectedPaymentMethod {\\n  amount {\\n    value\\n    currency\\n    __typename\\n  }\\n  code\\n  bankName: bank_name\\n  __typename\\n}\\n\"\n}"},"url":{"raw":"{{environment_url}}/graphql","host":["{{environment_url}}"],"path":["graphql"]}},"response":[]},{"name":"setBillingAddressOnCart","event":[{"listen":"test","script":{"id":"edf3d7b0-d7ce-4c46-97ae-613d0a89cbda","exec":["pm.test(\"Success in reasonable time\", function () {","  pm.response.to.have.status(200);","  pm.expect(pm.response.responseTime).to.be.below(3000);","});","pm.test(\"Billing Address Set\", function () {","  const responseJson = pm.response.json();","  pm.expect(responseJson.data.setBillingAddressOnCart).to.be.an(\"object\");","});"],"type":"text/javascript"}}],"id":"6f33d98c-9d98-4126-b3c2-762dc9aa8107","protocolProfileBehavior":{"disableBodyPruning":true},"request":{"method":"POST","header":[{"key":"sec-ch-ua","value":"\" Not A;Brand\";v=\"99\", \"Chromium\";v=\"102\", \"Google Chrome\";v=\"102\""},{"key":"DNT","value":"1"},{"key":"sec-ch-ua-mobile","value":"?0"},{"key":"User-Agent","value":"Mozilla/5.0 (Macintosh; Intel Mac OS X 10_15_7) AppleWebKit/537.36 (KHTML, like Gecko) Chrome/102.0.0.0 Safari/537.36"},{"key":"content-type","value":"application/json"},{"key":"accept","value":"*/*"},{"key":"Store","value":"v8016"},{"key":"sec-ch-ua-platform","value":"\"macOS\""}],"body":{"mode":"raw","raw":"{\n    \"operationName\": \"setBillingAddressOnCart\",\n    \"variables\": {\n        \"firstname\": \"Jan\",\n        \"lastname\": \"Testowy\",\n        \"phone\": \"609 517 879\",\n        \"phoneCountryId\": \"PL\",\n        \"buildingNumber\": \"1\",\n        \"street\": \"1 Maja\",\n        \"city\": \"Brynica\",\n        \"zipCode\": \"46-024\",\n        \"countryCode\": \"PL\",\n        \"confirmationOfPurchase\": \"RECEIPT\",\n        \"cartId\": \"{{cart_id}}\"\n    },\n    \"query\": \"mutation setBillingAddressOnCart($cartId: String!, $firstname: String!, $lastname: String!, $phone: String!, $flatNumber: String, $buildingNumber: String!, $street: String!, $city: String!, $zipCode: String!, $countryCode: String!, $companyName: String, $sameAsShipping: Boolean, $phoneCountryId: CountryCodeEnum!, $nip: String, $confirmationOfPurchase: ConfirmationOfPurchaseTypeEnum) {\\n  setBillingAddressOnCart(input: {cart_id: $cartId, billing_address: {address: {firstname: $firstname, lastname: $lastname, street: [$street, $buildingNumber, $flatNumber], city: $city, postcode: $zipCode, country_code: $countryCode, telephone: $phone, telephone_country_id: $phoneCountryId, company: $companyName, vat_id: $nip, save_in_address_book: false, confirmation_of_purchase: $confirmationOfPurchase}, same_as_shipping: $sameAsShipping}}) {\\n    cart {\\n      items {\\n        ...CartCheckoutItemsMinimalFragment\\n        __typename\\n      }\\n      shippingAddresses: shipping_addresses {\\n        ...CartShippingAddressesFragment\\n        __typename\\n      }\\n      prices {\\n        ...CartCheckoutPricesFragment\\n        __typename\\n      }\\n      castoramaCalendar: castorama_calendar {\\n        ...CartCheckoutCastoramaCalendarFragment\\n        __typename\\n      }\\n      selectedPaymentMethod: selected_payment_method {\\n        ...CartCheckoutSelectedPaymentFragment\\n        __typename\\n      }\\n      dtsSlots: dts_slots {\\n        date\\n        isAvailable: is_available\\n        __typename\\n      }\\n      dtsServices: dts_services {\\n        sku\\n        service\\n        __typename\\n      }\\n      __typename\\n    }\\n    __typename\\n  }\\n}\\n\\nfragment CartCheckoutItemsMinimalFragment on CartItemInterface {\\n  quantity\\n  product {\\n    sku\\n    name\\n    weeeDts: weee_dts\\n    __typename\\n  }\\n  __typename\\n}\\n\\nfragment CartShippingAddressesFragment on ShippingCartAddress {\\n  firstname\\n  lastname\\n  city\\n  shippingDate: shipping_date\\n  shippingTimeInterval: shipping_time_interval\\n  country {\\n    code\\n    label\\n    __typename\\n  }\\n  telephone\\n  telephoneCountry: telephone_country {\\n    code\\n    id\\n    title: label\\n    __typename\\n  }\\n  nip: vat_id\\n  companyName: company\\n  address: street\\n  zipCode: postcode\\n  parcelLocker: parcel_locker {\\n    name\\n    street\\n    city\\n    buildingNumber: building_number\\n    flatNumber: flat_number\\n    postCode: post_code\\n    openingHours: opening_hours\\n    locationDescription: location_description\\n    __typename\\n  }\\n  availableShippingMethods: available_shipping_methods {\\n    deliveryDetails: delivery_details\\n    amount {\\n      currency\\n      value\\n      __typename\\n    }\\n    available\\n    shippingTimeDescription: shipping_time_desc\\n    methodCode: method_code\\n    methodTitle: method_title\\n    carrierCode: carrier_code\\n    carrierTitle: carrier_title\\n    isAutoShippingAddress: auto_shipping_address\\n    availablePaymentMethods: available_payment_methods {\\n      title\\n      code\\n      available\\n      additionalInfo: additional_info\\n      amount {\\n        value\\n        __typename\\n      }\\n      __typename\\n    }\\n    __typename\\n  }\\n  selectedShippingMethod: selected_shipping_method {\\n    amount {\\n      currency\\n      value\\n      __typename\\n    }\\n    carrierCode: carrier_code\\n    carrierTitle: carrier_title\\n    __typename\\n  }\\n  __typename\\n}\\n\\nfragment CartCheckoutPricesFragment on CartPrices {\\n  grandTotal: grand_total {\\n    value\\n    currency\\n    __typename\\n  }\\n  subtotalIncludingTax: subtotal_including_tax {\\n    value\\n    currency\\n    __typename\\n  }\\n  __typename\\n}\\n\\nfragment CartCheckoutCastoramaCalendarFragment on CastoramaCalendar {\\n  date\\n  available\\n  intervals {\\n    time\\n    available\\n    __typename\\n  }\\n  __typename\\n}\\n\\nfragment CartCheckoutSelectedPaymentFragment on SelectedPaymentMethod {\\n  amount {\\n    value\\n    currency\\n    __typename\\n  }\\n  code\\n  bankName: bank_name\\n  __typename\\n}\\n\"\n}"},"url":{"raw":"{{environment_url}}/graphql","host":["{{environment_url}}"],"path":["graphql"]}},"response":[]}],"id":"e3bbe2df-e03f-4489-9dc8-06d600deef7d"}]}